{
  "idx": 40,
  "timestamp": 1305031128.311483,
  "t": [
    -0.0341239,
    0.0975599,
    0.1426938
  ],
  "q": [
    -0.0892728,
    -0.0596131,
    0.0105965,
    0.9941652
  ]
}